protein,pocket_id,center_x,center_y,center_z,size,score
a.001.001.001_1s69a,1,0.7797901442560915,27.321597237689243,6.924201224045605,325,40.31935
a.001.001.001_1s69a,2,1.902353469390691,17.7707056754481,3.8378937749441007,17,2.006875
a.001.001.001_1s69a,3,10.878484007685792,30.722094641574834,6.74108729290035,11,1.20405
a.001.001.001_1s69a,4,2.91562858146447,25.942054485272454,-2.782838265641473,7,0.8573500000000001
a.001.001.001_1s69a,5,-11.517068360000408,24.409139814177554,8.833616422506818,5,0.53995
